sequence_id	sequence	sequence_aa	rev_comp	productive	v_call	d_call	j_call	sequence_alignment	germline_alignment	junction	junction_aa	v_cigar	d_cigar	j_cigar	junction_length	junction_aa_length	duplicate_count	duplicate_frequency_percent	v_call_adaptive	j_call_adaptive	d_call_adaptive	pgen
Patient25_Base|sequence1	GAGTCCGCTACCAGCTCCCAGACATCTGTGTACTTCTGTGCCATCAGTGACCTAGCGGGCGACTACAATGAGCAGTTCTTCGGGCCA	ESATSSQTSVYFCAISDLAGDYNEQFFGP	False	True	TRBV10-3*01	TRBD2*01	TRBJ2-1*01			TTCTGTGCCATCAGTGACCTAGCGGGCGACTA	CAISDLAGDYNEQFF	33M3D	43M8D	3M0D	32	15	212	0.0551939599062744	TCRBV10-03*01	TCRBJ02-01*01	TCRBD02-01*01	6.546683603689637e-10
Patient25_Base|sequence2	CTGATTCTGGAGTCCGCCAGCACCAACCAGACATCTATGTACCTCTGTGCCAGCAGTTTCGGGGGAACTGAAGCTTTCTTTGGACAA	LILESASTNQTSMYLCASSFGGTEAFFGQ	False	True	TRBV28*01	TRBD2*01	TRBJ1-1*01			CTCTGTGCCAGCAGTTTCGGGGGAACTGA	CASSFGGTEAFF	42M3D	43M10D	5M0D	29	12	214	0.0557146576412392	TCRBV28-01*01	TCRBJ01-01*01	TCRBD02-01*01	4.6284525311237886e-07
Patient25_Base|sequence4	ATCCAGCGCACACAGCAGGAGGACTCCGCCGTGTATCTCTGTGCCAGCAGCTTGGGACAAGGCCATGAAAAACTGTTTTTTGGCAGT	IQRTQQEDSAVYLCASSLGQGHEKLFFGS	False	True	TRBV7-8*01	TRBD1*01	TRBJ1-4*01			CTCTGTGCCAGCAGCTTGGGACAAGGCCATGAAA	CASSLGQGHEKLFF	36M3D	53M6D	6M0D	34	14	305	0.07940640458214	TCRBV07-08*01	TCRBJ01-04*01	TCRBD01-01*01	7.347049362770653e-08
Patient25_Base|sequence6	CACGCCCTGCAGCCAGAAGACTCAGCCCTGTATCTCTGCGCCAGCAGCCAGAGGACAGGGGGCATCTACGAGCAGTACTTCGGGCCG	HALQPEDSALYLCASSQRTGGIYEQYFGP	False	True	TRBV4-1*01	TRBD1*01	TRBJ2-7*01			CTCTGCGCCAGCAGCCAGAGGACAGGGGGCATCTA	CASSQRTGGIYEQYF	33M3D	50M1D	3M0D	35	15	370	0.0963290809684978	TCRBV04-01*01	TCRBJ02-07*01	TCRBD01-01*01	5.031009193937039e-09
Patient25_Base|sequence12	AACGCCTTGTTGCTGGGGGACTCGGCCCTGTATCTCTGTGCCAGCAGCTCCTCCGGCACCCCTAATTCACCCCTCCACTTTGGGAAC	NALLLGDSALYLCASSSSGTPNSPLHFGN	False	True	TRBV5-5*01		TRBJ1-6*01			CTCTGTGCCAGCAGCTCCTCCGGCACCCCTAATTC	CASSSSGTPNSPLHF	33M3D	36M9D	6M0D	35	15	26	0.006769070554543	TCRBV05-05*01	TCRBJ01-06*01	unresolved*01	2.4184083372443567e-09
Patient25_Base|sequence13	AAGATCCAGCGCACAGAGCGGGGGGACTCAGCCGTGTATCTCTGTGCCAGCAGTCGAACTAGAGGGGAGACCCAGTACTTCGGGCCA	KIQRTERGDSAVYLCASSRTRGETQYFGP	False	True	TRBV7-3*01	TRBD2*01	TRBJ2-5*01			TATCTCTGTGCCAGCAGTCGAACTAGAGGGGAGAC	CASSRTRGETQYF	36M6D	51M11D	5M0D	35	13	30	0.0078104660244727	TCRBV07-03*01	TCRBJ02-05*01	TCRBD02-01*01	1.2718666288187274e-07
Patient25_Base|sequence14	AGCTCTCTGGAGCTGGGGGACTCAGCTTTGTATTTCTGTGCCAGCAGCGTAGAGACAGGGGGAACCGGGGAGCTGTTTTTTGGAGAA	SSLELGDSALYFCASSVETGGTGELFFGE	False	True	TRBV9*01	TRBD1*01	TRBJ2-2*01			TGTGCCAGCAGCGTAGAGACAGGGGGAACCGG	CASSVETGGTGELFF	36M0D	49M3D	5M0D	32	15	45	0.0117156990367091	TCRBV09-01*01	TCRBJ02-02*01	TCRBD01-01*01	7.985657505836814e-09
Patient25_Base|sequence15	TCCGCCAGCACCAACCAGACATCTATGTACCTCTGTGCCAGCAGTTTAAGGGCCGTTAATCCCCAAGAGACCCAGTACTTCGGGCCA	SASTNQTSMYLCASSLRAVNPQETQYFGP	False	True	TRBV28*01		TRBJ2-5*01			TCTGTGCCAGCAGTTTAAGGGCCGTTAATCCC	CASSLRAVNPQETQYF	31M2D	38M8D	1M0D	32	16	48	0.0124967456391564	TCRBV28-01*01	TCRBJ02-05*01	unresolved*01	3.2971245169195334e-11
Patient25_Base|sequence16	AGTGCCCATCCTGAAGACAGCAGCTTCTACATCTGCAGTGCTAGAGACCCTACTAGCGGGGTAAAGAATGAGCAGTTCTTCGGGCCA	SAHPEDSSFYICSARDPTSGVKNEQFFGP	False	True		TRBD2*01	TRBJ2-1*01			TGCAGTGCTAGAGACCCTACTAGCGGGGTAAAGAATGAGC	CSARDPTSGVKNEQFF	33M0D	45M6D	7M0D	40	16	57	0.0148398854464983	unresolved*01	TCRBJ02-01*01	TCRBD02-01*01	1.935664935164709e-11
Patient25_Base|sequence17	ACTCTCAAGATCCAGCCTGCAAAGCTTGAGGACTCGGCCGTGTATCTCTGTGCCAGCAGCTTAGAAGAGACCCAGTACTTCGGGCCA	TLKIQPAKLEDSAVYLCASSLEETQYFGP	False	True	TRBV11-2*02		TRBJ2-5*01			CTGTGCCAGCAGCTTAGAAG	CASSLEETQYF	47M1D		3M0D	20	11	60	0.0156209320489455	TCRBV11-02*02	TCRBJ02-05*01	unresolved*01	1.211860126028893e-06
Patient25_Base|sequence18	AAGATCCAGCCCTCAGAACCCAGGGACTCAGCTGTGTATTTTTGTGCTAGTGGTCTACGGGCCCAGAAAGAGCAGTTCTTCGGGCCA	KIQPSEPRDSAVYFCASGLRAQKEQFFGP	False	True	TRBV12-5*01		TRBJ2-1*01			ATTTTTGTGCTAGTGGTCTACGGGCCCAGAAAGAGCAGTTCT	CASGLRAQKEQFF	37M5D	42M8D	10M0D	42	13	73	0.0190054673262171	TCRBV12-05*01	TCRBJ02-01*01	unresolved*01	4.477926235658802e-12
Patient25_Base|sequence19	GAGATGAATGTGAGCACCTTGGAGCTGGGGGACTCGGCCCTTTATCTTTGCGCCAGCAGCTCCGAACACGAGCAGTACTTCGGGCCG	EMNVSTLELGDSALYLCASSSEHEQYFGP	False	True	TRBV5-1*01		TRBJ2-7*01			CTTTGCGCCAGCAGCTCCGAACACGAG	CASSSEHEQYF	45M3D	59M10D	5M0D	27	11	80	0.0208279093985941	TCRBV05-01*01	TCRBJ02-07*01	unresolved*01	9.602216013319284e-08
Patient25_Base|sequence20	GTAGTGCGAGGAGATTCGGCAGCTTATTTCTGTGCCAGCTCACCAAATCAGGGACAGGGTGGCGCAGATACGCAGTATTTTGGCCCA	VVRGDSAAYFCASSPNQGQGGADTQYFGP	False	True	TRBV18*01	TRBD1*01	TRBJ2-3*01			TCTGTGCCAGCTCACCAAATCAGGGACAGGGTGGCGCAGA	CASSPNQGQGGADTQYF	28M2D	50M3D	4M0D	40	17	80	0.0208279093985941	TCRBV18-01*01	TCRBJ02-03*01	TCRBD01-01*01	1.3675207486491557e-11
Patient25_Base|sequence22	AAGCTCCTTCTCAGTGACTCTGGCTTCTATCTCTGTGCCTGGAGTAGGCGACAATATTTAACCAACACTGAAGCTTTCTTTGGACAA	KLLLSDSGFYLCAWSRRQYLTNTEAFFGQ	False	True	TRBV30*01	TRBD1*01	TRBJ1-1*01			TCTGTGCCTGGAGTAGGCGACAATATTTAACCAA	CAWSRRQYLTNTEAFF	31M2D	45M8D	2M0D	34	16	82	0.0213486071335589	TCRBV30-01*01	TCRBJ01-01*01	TCRBD01-01*01	1.7893490043227361e-13
Patient25_Base|sequence23	CCTGCAGAACTGGAGGATTCTGGAGTTTATTTCTGTGCCAGCAGCCCCGAAAGGGCCCTAGAACCCTACGAGCAGTACTTCGGGCCG	PAELEDSGVYFCASSPERALEPYEQYFGP	False	True	TRBV14*01		TRBJ2-7*01			TTTCTGTGCCAGCAGCCCCGAAAGGGCCCTAGAACCC	CASSPERALEPYEQYF	29M4D	41M8D	2M0D	37	16	85	0.0221296537360062	TCRBV14-01*01	TCRBJ02-07*01	unresolved*01	1.0144215092697816e-11
Patient25_Base|sequence24	CAGCGCACACAGCAGGAGGACTCCGCCGTGTATCTCTGTGCCAGCAGCCATCGACCCGGGTTAGGTAATGAGCAGTTCTTCGGGCCA	QRTQQEDSAVYLCASSHRPGLGNEQFFGP	False	True	TRBV7-8*01	TRBD2*01	TRBJ2-1*01			ATCTCTGTGCCAGCAGCCATCGACCCGGGTTAGGTAATGAGC	CASSHRPGLGNEQFF	31M5D	40M12D	7M0D	42	15	98	0.0255141890132777	TCRBV07-08*01	TCRBJ02-01*01	TCRBD02-01*01	1.3878416751805623e-09
Patient25_Base|sequence25	CTGGAGTCAGCTACCCGCTCCCAGACATCTGTGTATTTCTGCGCCAGCAGTGAGGGACTAGGAGGAGATACGCAGTATTTTGGCCCA	LESATRSQTSVYFCASSEGLGGDTQYFGP	False	True	TRBV10-2*01	TRBD2*01	TRBJ2-3*01			TCTGCGCCAGCAGTGAGGGACTAGGAGGAGATA	CASSEGLGGDTQYF	37M2D	52M9D	5M0D	33	14	103	0.0268159333506899	TCRBV10-02*01	TCRBJ02-03*01	TCRBD02-01*01	1.2403059739502342e-08
Patient25_Base|sequence26	ACATCGGCCCAAAAGAACCCGACAGCTTTCTATCTCTGTGCCAGTAGTATAGGAGGCTCAAGCTCCTACGAGCAGTACTTCGGGCCG	TSAQKNPTAFYLCASSIGGSSSYEQYFGP	False	True	TRBV19*01	TRBD2*02	TRBJ2-7*01			CTGTGCCAGTAGTATAGGAGGCTCAAG	CASSIGGSSSYEQYF	35M1D	30M12D	0M0D	27	15	105	0.0273366310856547	TCRBV19-01*01	TCRBJ02-07*01	TCRBD02-01*02	1.5134561286545663e-08
Patient25_Base|sequence27	CACGCCCTGCAGCCAGAAGACTCAGCCCTGTATCTCTGCGCCAGCAGCCAAGACCCGGGGGCGGGCTATGGCTACACCTTCGGTTCG	HALQPEDSALYLCASSQDPGAGYGYTFGS	False	True	TRBV4-1*01		TRBJ1-2*01			TGCGCCAGCAGCCAAGACCCGGGGGCGGGCTAT	CASSQDPGAGYGYTF	36M0D	44M6D	4M0D	33	15	106	0.0275969799531372	TCRBV04-01*01	TCRBJ01-02*01	unresolved*01	1.1734652619874332e-08
Patient25_Base|sequence28	TCGCCCAGCCCCAACCAGACCTCTCTGTACTTCTGTGCCAGCAGTTTCCGGGACTTACTGGGTTTGTGCGAGCAGTACTTCGGGCCG	SPSPNQTSLYFCASSFRDLLGLCEQYFGP	False	True	TRBV27*01	TRBD2*01	TRBJ2-7*01			TTCTGTGCCAGCAGTTTCCGGGACTTACTGGGTTTGTGCGAGCA	CASSFRDLLGLCEQYF	30M3D	49M10D	6M0D	44	16	118	0.0307211663629263	TCRBV27-01*01	TCRBJ02-07*01	TCRBD02-01*01	2.102993488117652e-13
Patient25_Base|sequence29	CGCACACAGCAGGAGGACTCCGCCGTGTATCTCTGTGCCAGCAGCTTCGCAATAGCGGGGGGGCTACACGAGCAGTACTTCGGGCCG	RTQQEDSAVYLCASSFAIAGGLHEQYFGP	False	True	TRBV7-8*01	TRBD2*01	TRBJ2-7*01			CTCTGTGCCAGCAGCTTCGCAATAGCGGGGGGGCTACACGAG	CASSFAIAGGLHEQYF	30M3D	42M5D	5M0D	42	16	120	0.0312418640978911	TCRBV07-08*01	TCRBJ02-07*01	TCRBD02-01*01	2.5158216963089778e-12
Patient25_Base|sequence32	GTGCGAGGAGATTCGGCAGCTTATTTCTGTGCCAGCTCACCCCCGGGACTAGCGGGCCTCTCCTACAATGAGCAGTTCTTCGGGCCA	VRGDSAAYFCASSPPGLAGLSYNEQFFGP	False	True	TRBV18*01	TRBD2*01	TRBJ2-1*01			TTCTGTGCCAGCTCACCCCCGGGACTAGCGGGCCT	CASSPPGLAGLSYNEQFF	24M3D	44M4D	0M0D	35	18	150	0.0390523301223639	TCRBV18-01*01	TCRBJ02-01*01	TCRBD02-01*01	4.731163693126601e-09
Patient25_Base|sequence33	GTGAACGCCTTGGAGCTGGACGACTCGGCCCTGTATCTCTGTGCCAGCAGCCCAGGGACAGTCGGAACTGAAGCTTTCTTTGGACAA	VNALELDDSALYLCASSPGTVGTEAFFGQ	False	True	TRBV5-4*01	TRBD1*01	TRBJ1-1*01			TCTCTGTGCCAGCAGCCCAGGGACAGTCGGAACTGA	CASSPGTVGTEAFF	35M4D	54M5D	5M0D	36	14	172	0.0447800052069773	TCRBV05-04*01	TCRBJ01-01*01	TCRBD01-01*01	2.7346895610009315e-08
